﻿<?xml version="1.0" encoding="utf-8"?>
<deployment>
  <id>efb69505-fe6c-456f-885a-df378e321038</id>
  <author>N/A</author>
  <deployer>Push-Deployer</deployer>
  <authorEmail>N/A</authorEmail>
  <message>Created via a push deployment</message>
  <progress></progress>
  <status>Success</status>
  <statusText></statusText>
  <lastSuccessEndTime>2025-11-28T08:01:48.5639036Z</lastSuccessEndTime>
  <receivedTime>2025-11-28T08:01:43.7797132Z</receivedTime>
  <startTime>2025-11-28T08:01:45.3383591Z</startTime>
  <endTime>2025-11-28T08:01:48.5639036Z</endTime>
  <complete>True</complete>
  <is_temp>False</is_temp>
  <is_readonly>True</is_readonly>
  <buildSummary />
</deployment>