﻿<?xml version="1.0" encoding="utf-8"?>
<deployment>
  <id>c9f19c56-c6f5-4621-a944-8e75b638dd5f</id>
  <author>N/A</author>
  <deployer>Push-Deployer</deployer>
  <authorEmail>N/A</authorEmail>
  <message>Created via a push deployment</message>
  <progress></progress>
  <status>Failed</status>
  <statusText></statusText>
  <lastSuccessEndTime />
  <receivedTime>2025-11-28T08:15:27.7159712Z</receivedTime>
  <startTime>2025-11-28T08:15:29.3004058Z</startTime>
  <endTime>2025-11-28T08:15:42.4510923Z</endTime>
  <complete>True</complete>
  <is_temp>False</is_temp>
  <is_readonly>True</is_readonly>
  <buildSummary />
</deployment>