track_id,artists,album_name,track_name,popularity,duration_ms,explicit,danceability,energy,key,loudness,mode,speechiness,acousticness,instrumentalness,liveness,valence,tempo,time_signature,track_genre
324Y55zUTRSMdtFwc91csa,Vishal-Shekhar;Vishal Dadlani;Shekhar Ravjiani;Kumaar;Vayu,Jayeshbhai Jordaar,Firecracker,67,166600,False,0.838,0.63,9,-5.609,0,0.171,0.242,0.0,0.0719,0.64,100.986,4,pop
7mDdR7ynAJuMdkr49AlF1W,Bruno Mars;Anderson .Paak;Silk Sonic,Trending Pop,Skate,0,203122,False,0.708,0.598,5,-8.365,1,0.0291,0.037,0.0,0.17,0.698,112.027,4,pop
50DyjmQxDUAygFT31rD1kT,Gippy Grewal;Tanu Grewal,"Nawa Nawa Pyaar (From ""Yaar Mera Titliaan Warga"") - Single",Nawa Nawa Pyaar,65,139756,False,0.811,0.757,1,-5.882,0,0.257,0.142,0.0,0.183,0.958,81.972,4,pop
1ZMq0qzXfGnFo7BN03yddJ,Arjun Kanungo;King,Ilzaam (From the Album 'Industry'),Ilzaam (From the Album 'Industry'),67,247374,False,0.697,0.66,10,-5.459,0,0.0352,0.472,0.0,0.243,0.301,93.011,4,pop
0JBhoxPKHJc1ZeJrjSt0VO,Gajendra Verma,Tera Ghata,Tera Ghata,68,254173,False,0.718,0.573,1,-7.309,0,0.0451,0.458,0.00533,0.0953,0.686,180.043,4,pop
2z7k8UytNaiMIJQNc1XZcZ,Diljit Dosanjh,Drive Thru,Vanilla,66,171627,False,0.722,0.716,8,-4.089,1,0.0696,0.132,1.05e-05,0.0997,0.626,171.96,4,pop
38DE0yn1UzRWgaLsh0GJGZ,Feid,Fiesta portatil,Ferxxo 100,3,167760,False,0.705,0.562,8,-3.378,0,0.0674,0.257,0.0,0.137,0.569,163.893,4,pop
3dBlOhEY4xdQB2Ge4NzULx,Madhur Sharma,Tere Jeya Hor Disda (LoFi),Tere Jeya Hor Disda (LoFi),67,117421,False,0.363,0.469,7,-8.404,0,0.0528,0.794,0.0176,0.106,0.102,171.988,4,pop
3LOVW8lNXFD9ZAUDvLIOR5,Atif Aslam;Shalmali Kholgade,Tera Naam Doon (Lofi Mix),Tera Naam Doon (Lofi Mix),39,231428,False,0.561,0.404,0,-10.193,1,0.0324,0.735,0.0186,0.164,0.52,139.774,4,pop
4O0ymDK32zylHELT506JPI,The Weeknd,Halloween Party 2022,Blinding Lights,0,201573,False,0.512,0.796,1,-4.075,1,0.0645,0.00147,0.000209,0.0938,0.344,171.014,4,pop
0YxzH0SUc10Vw4yLFqU06I,Saaj Bhatt,Halki Si Barsaat,Halki Si Barsaat,65,212560,False,0.591,0.606,8,-6.977,1,0.066,0.574,0.0,0.06,0.767,82.185,4,pop
7sVEoPc5ZUUQerRkgTypUZ,Javed Ali;Devi Sri Prasad,"Srivalli (From ""Pushpa The Rise Part - 01"")","Srivalli (From ""Pushpa The Rise Part - 01"")",74,224072,False,0.787,0.603,9,-4.781,1,0.034,0.435,0.0,0.101,0.743,106.984,4,pop
7708qrA9gHIrwuVf6QdjAH,Feid,Reggeaton Imperdible,Castigo,3,177280,True,0.728,0.68,8,-4.129,0,0.165,0.0865,1.06e-06,0.1,0.704,179.839,4,pop
1dGr1c8CrMLDpV6mPbImSI,Taylor Swift,Lover,Lover,85,221306,False,0.359,0.543,7,-7.582,1,0.0919,0.492,1.58e-05,0.118,0.453,68.534,4,pop
55LK166LWHOpXOroZ5g82J,Arko;Jubin Nautiyal,The Shaukeens,Meherbani,65,243591,False,0.41,0.455,4,-8.071,1,0.0316,0.731,0.0,0.185,0.361,90.993,4,pop
1NoaJoxPKQr9XNLOuKTyNV,A.R. Rahman;Silambarasan TR;Rakshita Suresh,"Kaalathukkum Nee Venum (From ""Vendhu Thanindhathu Kaadu"")","Kaalathukkum Nee Venum - From ""Vendhu Thanindhathu Kaadu""",65,293546,False,0.718,0.458,7,-10.632,1,0.033,0.685,0.00222,0.118,0.567,119.958,4,pop
2XfkKphS1o6JF9N3AZbVju,Justin Bieber,Pop Christmas 2022,Mistletoe,0,183066,False,0.623,0.668,6,-7.282,0,0.0531,0.475,0.0,0.0862,0.823,161.948,4,pop
7Em0lueWaMfJ4MWMDdSGNt,Yuvan Shankar Raja;Sid Sriram,Naane Varuvean,Pinju Pinju Mazhai,30,318427,False,0.746,0.649,11,-10.096,0,0.0327,0.587,1.23e-05,0.134,0.654,104.984,4,pop
1ei3hzQmrgealgRKFxIcWn,Benson Boone,In The Stars,In The Stars,86,216410,False,0.362,0.54,10,-6.031,1,0.0528,0.338,0.0,0.139,0.3,78.007,3,pop
0PDwgRrbKYOgZS82F8uvPt,Justin Bieber,Christmas 2022,Mistletoe,4,183066,False,0.623,0.668,6,-7.282,0,0.0531,0.475,0.0,0.0862,0.823,161.948,4,pop
5so1wKv1JCcpllBGxrOjjL,David Guetta;Sam Martin,EDM Hits,Dangerous - David Guetta Banging Remix,0,367786,False,0.698,0.931,11,-4.32,0,0.0595,0.0237,0.852,0.0767,0.0825,128.004,4,pop
4h9wh7iOZ0GGn8QVp4RAOB,OneRepublic,"I Ain’t Worried (Music From The Motion Picture ""Top Gun: Maverick"")",I Ain't Worried,96,148485,False,0.704,0.797,0,-5.927,1,0.0475,0.0826,0.000745,0.0546,0.825,139.994,4,pop
7cVe3mYMIfhOlz1NXFWv70,Sidhu Moose Wala,No Name,0 to 100,71,108493,False,0.742,0.675,8,-6.551,1,0.0907,0.139,0.0,0.167,0.679,145.989,4,pop
4TmPunCnlJjiKu2iYhqapU,Billie Eilish,Halloween & Chill,Lost Cause,0,212496,True,0.671,0.336,10,-8.494,0,0.241,0.705,0.00751,0.0577,0.518,75.051,4,pop
4uUG5RXrOk84mYEfFvj3cK,David Guetta;Bebe Rexha,I'm Good (Blue),I'm Good (Blue),98,175238,True,0.561,0.965,7,-3.673,0,0.0343,0.00383,7.07e-06,0.371,0.304,128.04,4,pop
055360csWJbFFGCLNxaTkx,Ed Sheeran;Elton John,Merry Christmas,Merry Christmas,7,208546,False,0.594,0.935,0,-2.018,1,0.0357,0.243,2.36e-06,0.102,0.602,113.99,4,pop
1cKHdTo9u0ZymJdPGSh6nq,The Weeknd;Gesaffelstein,"My Dear Melancholy,",I Was Never There,90,241066,False,0.323,0.737,10,-4.008,1,0.0338,0.142,0.000162,0.163,0.155,113.26,4,pop
4tjLYTXFqZhkUDga4bQ0yl,Neha Kakkar;Dhvani Bhanushali;Ikka;Tanishk Bagchi,"Dilbar (From ""Satyameva Jayate"")","Dilbar (From ""Satyameva Jayate"")",66,184432,False,0.725,0.912,9,-3.665,0,0.0851,0.155,7.68e-05,0.107,0.674,104.054,4,pop
71mHO4fFmS2Xu5XxZbcRND,Chris Brown,Under The Influence,Under The Influence (Body Language),77,148750,True,0.62,0.62,1,-6.322,0,0.0375,0.0388,0.000213,0.129,0.459,144.835,4,pop
1n5gnI3Wue9WBpYFOIQNh1,Harris Jayaraj;Naresh Iyer;Prashanthini,Vaaranam Aayiram (Original Motion Picture Soundtrack),Mundhinam,64,341386,False,0.474,0.548,11,-8.614,1,0.331,0.237,0.0,0.0791,0.676,193.671,4,pop
2Wzl4bZLjqFUOeZaGrTaVJ,YUNGBLUD,Drippy Drippy,parents,0,172026,True,0.594,0.833,9,-4.311,0,0.0507,0.00967,0.0,0.3,0.599,82.04,4,rock
1UEj7RpdqH02grDvdxTKLP,All Time Low,Alternative Christmas 2022,"Merry Christmas, Kiss My Ass",0,199253,False,0.574,0.966,4,-3.034,1,0.0685,0.0141,0.0,0.43,0.788,128.034,4,rock
3SCYKwSFwlSe5xEvVlcP1W,George Strait,Country Christmas Greatest Hits,Jingle Bell Rock,1,132493,False,0.775,0.562,4,-6.041,0,0.0299,0.468,0.0,0.174,0.77,121.034,4,rock
1NhPKVLsHhFUHIOZ32QnS2,OneRepublic,Waking Up,Secrets,76,224693,False,0.516,0.764,2,-6.223,1,0.0366,0.0717,0.0,0.115,0.376,148.021,4,rock
1ihSSnA4d0dcxQouy7gtNJ,Juanes,Retro Baladas,Es Por Ti,0,251120,False,0.694,0.761,4,-6.066,1,0.0263,0.176,3.63e-05,0.123,0.866,129.953,4,rock
333WK4wUSAfawJhirnJFAG,Rod Stewart;Michael Bublé,Holidays Are Coming,Winter Wonderland,0,143226,False,0.684,0.491,0,-7.655,1,0.0361,0.71,0.0,0.144,0.4,117.916,4,rock
4dWWUYR9l8xKi9CqXCG8ke,Rod Stewart,Feeling Good - Adult Pop Favorites,If I Had You,1,258293,False,0.579,0.635,10,-7.385,1,0.0393,0.302,1.25e-06,0.15,0.612,139.456,4,rock
57bgtoPSgt236HzfBOd8kj,AC/DC,The Razors Edge,Thunderstruck,84,292880,False,0.502,0.89,4,-5.175,1,0.0364,0.000147,0.0117,0.217,0.259,133.52,4,rock
7oAf0lBjipjSfyay9M8wQ6,Lenny Kravitz,90's Music Grandi Successi,I Belong To You,1,257066,False,0.691,0.686,7,-7.465,0,0.0493,0.000647,0.00456,0.106,0.666,87.312,4,rock
5HNau9WX6OmX2PcBn3n24r,Red Hot Chili Peppers,20's Rock,Black Summer,0,232412,False,0.417,0.682,1,-5.071,1,0.0295,0.0267,0.000669,0.109,0.351,105.542,4,rock
4KiQwHi8V3XIVeLjOfQZ69,The Goo Goo Dolls,Rock - Best of 2022,"Yeah, I Like You",3,264466,False,0.479,0.938,2,-3.058,1,0.0376,7.54e-05,0.000153,0.117,0.431,140.056,4,rock
0vlXeqFl1qgL9fkq1wnPgp,OneRepublic,World's Best Christmas Playlist,Christmas Without You,0,197146,False,0.262,0.677,7,-5.645,1,0.0528,0.447,0.0,0.205,0.365,207.478,3,rock
3Pv0B02xwtEzRDmznY2JPz,The Beach Boys,World's Best Christmas Playlist,God Only Knows - Mono / 1997 Remastered,0,173040,False,0.524,0.487,6,-7.525,0,0.0299,0.253,0.0,0.0579,0.482,117.108,4,rock
6iUGnSHReCwgHA00XVKPPe,Owl City,Pop Christmas 2022,Peppermint Winter,0,240560,False,0.451,0.803,0,-4.932,1,0.0398,0.208,0.0,0.0764,0.145,153.95,3,rock
0qU2ukOrwNTkA9mB6bb1DJ,David Bisbal;Sebastian Yatra,Para entrar en calor,A Partir De Hoy,0,196802,False,0.652,0.847,6,-5.035,1,0.0552,0.188,0.0,0.378,0.515,163.942,4,rock
5llJJM8CQpZhfUBwrJzp4c,Blur,Alternative Rock Mixtape,The Universal,1,238520,False,0.32,0.546,9,-8.33,1,0.0278,0.181,1.98e-06,0.0928,0.263,163.824,3,rock
3GyfNumvRBeKNcRAdClLdD,Bastille,Arbeitsmusik Herbst/Winter 2022/2023,Shut Off The Lights,0,187363,False,0.624,0.908,10,-3.215,1,0.0992,0.408,0.0,0.139,0.659,105.048,4,rock
0QBrw0zGpCa8gKIJd2KDGo,Counting Crows,Del gusto de mamá,Mr. Jones,0,272733,False,0.571,0.836,0,-5.556,1,0.0371,0.194,4.09e-06,0.182,0.73,141.612,4,rock
2UREu1Y8CO4jXkbvqAtP7g,Skillet,Awake,Monster,77,178013,False,0.64,0.957,8,-2.336,1,0.0741,0.0431,0.0,0.0789,0.692,134.992,4,rock
0teZhueymP3jVU4AXSqpkM,Bryan Adams,Christmas Best Hits 2022,Merry Christmas,0,151387,False,0.683,0.511,6,-5.598,1,0.0279,0.406,0.000197,0.111,0.598,109.991,3,rock
7xsnFEgiTGz6Zk4oSZ7Olx,The Cranberries,Hits Pop Rock 90's,Ode To My Family,1,270786,False,0.365,0.517,7,-6.635,1,0.0243,0.0622,0.0,0.265,0.0777,93.862,4,rock
5nlwgUs9iUPoRr8kPEHONO,blink-182,Halloween Party Canzoni per Bambini 2022,Ghost On The Dance Floor,0,257519,True,0.532,0.969,11,-3.967,1,0.0581,2.41e-05,0.0265,0.0912,0.547,103.511,4,rock
077QV0UtmRfVEw6kFvminm,Bryan Adams,90's Music Grandi Successi,(Everything I Do) I Do It For You,2,394133,False,0.526,0.365,1,-12.605,1,0.028,0.0775,1.37e-05,0.0618,0.254,131.251,4,rock
0ZbM1R59Myxx7VRyXDQkmi,The Cranberries,Halloween Party 2022,Zombie,2,307440,False,0.252,0.738,7,-5.326,1,0.0446,0.0145,0.000497,0.375,0.256,165.187,4,rock
08mG3Y1vljYA6bvDt4Wqkj,AC/DC,Back In Black,Back In Black,85,255493,False,0.31,0.7,9,-5.678,1,0.047,0.011,0.00965,0.0828,0.763,188.386,4,rock
1JZQrwNrQVl2B6IMzepkxA,Fall Out Boy,Halloween Party 2022,My Songs Know What You Did In The Dark (Light Em Up),0,186826,False,0.557,0.924,9,-4.341,0,0.064,0.0271,3.32e-06,0.537,0.566,151.988,4,rock
5FVd6KXrgO9B3JPmC8OPst,Arctic Monkeys,AM,Do I Wanna Know?,88,272394,False,0.548,0.532,5,-7.596,1,0.0323,0.186,0.000263,0.217,0.405,85.03,4,rock
7os4oiaoa9iyBrf9jZxmJ6,Sam Fender,Alternative Christmas 2022,The Dying Light - Winter Edit,0,215493,False,0.459,0.606,10,-5.694,1,0.038,0.296,8.37e-05,0.113,0.234,129.142,4,rock
2x8evxqUlF0eRabbW2JBJd,Arctic Monkeys,Favourite Worst Nightmare,Fluorescent Adolescent,79,183893,False,0.654,0.828,1,-5.377,0,0.0281,0.00146,0.000144,0.122,0.79,112.056,4,rock
1Ukz0CbWzSxCx8IEMGvvIE,Steely Dan,Best 70s Rock Tunes,Midnite Cruiser,0,246600,False,0.64,0.644,1,-10.273,1,0.0283,0.273,0.0,0.0449,0.722,99.197,4,rock
7yn0E97MoGLBaW8mqIwqNr,Vishal Dadlani;Amit Trivedi,Udta Punjab,Ud-daa Punjab,59,274701,False,0.909,0.906,1,-3.701,1,0.206,0.09,1.25e-05,0.287,0.625,121.996,4,hip-hop
3dKlTiPC2NTfrnlmM43TuX,Wisin & Yandel,Perreo Tenebroso Vol. 2,Pam Pam,0,227280,False,0.874,0.69,10,-6.373,1,0.114,0.121,0.0,0.249,0.735,95.025,4,hip-hop
0VDbQ47H6Zn0zTdMziB0ex,Wisin & Yandel,Perreo Tenebroso Vol. 5,Tu Olor,0,246853,False,0.821,0.753,1,-5.27,0,0.0817,0.0148,6.13e-06,0.109,0.364,114.983,4,hip-hop
6UeMjHhzYnidHi7I4isoGg,AP Dhillon;Gurinder Gill;Gminxr,Most Wanted,Most Wanted,60,184090,False,0.85,0.573,8,-6.759,1,0.274,0.0439,0.0,0.0871,0.49,88.05,4,hip-hop
2GfARslWOjzRUtqCemkJmF,Jack Harlow,Upbeat 20's,First Class,0,173947,True,0.905,0.563,8,-6.135,1,0.102,0.0254,9.71e-06,0.113,0.324,106.998,4,hip-hop
7e6qTHVfRdaYsio90s1fHC,Vishal Dadlani,Zindagi Na Milegi Dobara,Ik Junoon (Paint It Red),60,299119,False,0.79,0.848,2,-7.798,1,0.0508,0.364,0.00147,0.148,0.641,127.034,4,hip-hop
1VQIWTMzZUeJM5HmLwaKEp,Ty Dolla $ign;Kehlani,2Step - Pop R'n'B,Universe,3,220138,False,0.596,0.473,9,-9.381,0,0.218,0.0273,0.0,0.203,0.365,157.0,4,hip-hop
3F0I9AkbRwz12yz7Hxn0bF,Sukhbir;Ikka,Hindi Medium,Oh Ho Ho Ho (Remix),60,244416,False,0.676,0.935,5,-3.499,0,0.0892,0.00917,0.0,0.097,0.802,144.944,4,hip-hop
2bIllkzKKCotWs0AuCsIoh,Burna Boy;Wizkid,2Step - Pop R'n'B,B. D’OR,2,189800,False,0.873,0.658,4,-8.031,0,0.108,0.00858,0.0061,0.0999,0.483,104.033,4,hip-hop
1JWWwXFfNKi6ioDZOaa9jX,Future;Lil Uzi Vert,Tic Tac - Just Rap,Tic Tac,0,189147,True,0.942,0.566,11,-4.834,1,0.226,0.0773,0.0,0.11,0.479,132.858,4,hip-hop
5LEjxlKCcYH8irGpRtjbj0,Karan Aujla,Adhiya,Adhiya,58,177397,False,0.753,0.758,10,-7.845,0,0.168,0.0901,0.0,0.0717,0.794,92.063,4,hip-hop
57DhVYA7E1CyrE4OKuyLb7,Maninder Buttar,Ik Tera,Ik Tera,69,160768,False,0.826,0.712,11,-5.219,0,0.0727,0.095,0.0,0.105,0.49,93.029,4,hip-hop
3G1o1dkJIyY38yfiVDkwNP,Ty Dolla $ign;Kanye West;FKA twigs;Skrillex,20's R'n'B,Ego Death,0,231618,False,0.818,0.598,10,-5.948,0,0.113,0.0573,1.32e-06,0.634,0.331,111.052,4,hip-hop
4B8RTAHSPfYpV222GsmEjq,Don Omar,Fiesta portatil,Zumba,2,263973,False,0.718,0.891,9,-3.494,0,0.0404,0.00175,0.0146,0.138,0.828,124.981,4,hip-hop
1pFOGFtQyqdlFgzmSVJ2fz,Prabh Gill,Adore You,Adore You,57,60000,False,0.708,0.631,9,-5.977,1,0.196,0.646,0.0,0.342,0.851,83.813,4,hip-hop
3uRrymHwcED49Q4fAnJJgD,Lizzo;DaBaby,Energy Hip Hop,Truth Hurts - DaBaby Remix,0,197610,True,0.706,0.627,4,-2.94,0,0.202,0.193,0.0,0.126,0.38,158.041,4,hip-hop
5aa4zMfrJ16iDnS6UIKtlL,Daler Mehndi;Hrishikesh;Neuman;FRANCO;Shazneen Arethna;Samantha;Sunayana,Hanuman Returns,Aasman Ko Chukar,64,274081,False,0.536,0.438,7,-12.894,1,0.103,0.119,0.0,0.129,0.127,144.626,4,hip-hop
3C6ST7yv6lmAH0sJEoGmJC,Burna Boy;Ed Sheeran,Totally Rap,For My Hand,0,159123,False,0.87,0.479,9,-7.779,1,0.165,0.161,0.000157,0.209,0.717,104.059,4,hip-hop
0Fs9cdPDhptWEDJmiCbkEW,J. Cole;Cults;Amber Coffman,Born Sinner (Deluxe Version),She Knows (feat. Amber Coffman & Cults),82,296520,True,0.766,0.74,1,-10.363,1,0.0807,0.0193,0.0784,0.229,0.183,118.008,4,hip-hop
2a7zxjZ1I88Z6sYm0ThuSc,Jordan Sandhu;Mehar Vaani;Desi Crew,Black Effect,Black Effect,62,175890,False,0.676,0.739,4,-5.319,0,0.159,0.137,0.0,0.233,0.755,146.056,4,hip-hop
2kbxGCtWSV0f1ON720Bd4O,Anirudh Ravichander;Alisha Thomas,Maari (Original Motion Picture Soundtrack),Don'u Don'u Don'u - The Don's Romance,59,195709,False,0.776,0.82,8,-4.405,0,0.0414,0.287,0.000361,0.242,0.773,89.982,4,hip-hop
1kJL5ouqpWRitSej8fdTor,Sidhu Moose Wala,Moosetape,GOAT,64,214883,False,0.724,0.728,4,-4.146,0,0.218,0.0459,5.84e-06,0.122,0.47,172.059,4,hip-hop
0eu4C55hL6x29mmeAjytzC,Oliver Tree,"Ugly is Beautiful: Shorter, Thicker & Uglier (Deluxe)",Life Goes On,79,161803,False,0.7,0.49,0,-5.187,1,0.076,0.186,0.0,0.117,0.569,79.982,4,hip-hop
6IdUSDkIkBP7ZmTIZrZiVV,Jack Harlow,Ghetto Superstar - New Rap Classics,Dua Lipa,2,135053,True,0.833,0.652,11,-6.942,1,0.0762,0.00161,0.0985,0.106,0.405,158.022,4,hip-hop
7sp9SYjIBBniAJ7xa1nkZh,King,Champagne Talk,Champagne Talk,58,163008,False,0.677,0.68,1,-5.19,0,0.103,0.0616,4.49e-05,0.0812,0.473,189.954,4,hip-hop
5Y35bkxA5od9mlkPuN9Tit,Daddy Yankee,Clásicos de ahora: Perreo,RUMBATÓN,0,248768,False,0.685,0.909,3,-4.034,0,0.0396,0.0471,0.0,0.35,0.922,95.004,4,hip-hop
1DIXPcTDzTj8ZMHt3PDt8p,Coolio;L.V.,Gangsta's Paradise,Gangsta's Paradise,89,240693,False,0.647,0.514,8,-10.05,1,0.0593,0.0655,0.0,0.398,0.386,79.975,4,hip-hop
21Rm35JATSSdA41rl7Qf8V,Don Omar;Zion & Lennox,Carrete con besties,Te Quiero Pa´Mi,0,212026,False,0.765,0.816,1,-3.99,1,0.0595,0.124,8.19e-05,0.197,0.624,89.005,4,hip-hop
4oKcFaWmBSF3SGGYo4qq6R,DIVINE,Teesri Manzil,Teesri Manzil,56,205880,False,0.668,0.88,0,-7.057,1,0.261,0.217,1.95e-06,0.114,0.399,90.946,4,hip-hop
6TzrZUKi2XFvGIBzqMGR7e,Don Omar,Esto me suena a Farra,Guaya Guaya,0,194013,False,0.787,0.872,9,-2.117,1,0.143,0.0067,0.000193,0.136,0.696,92.025,4,hip-hop
3qKapskdglWDCqA7evO3Ux,Melody Gardot;FKJ,LoFi & Halloween,It Gonna Come - FKJ Remix,0,224506,False,0.592,0.541,7,-8.703,1,0.0533,0.655,0.00157,0.159,0.54,95.728,4,jazz
3IeXqCUNquwfnUQrEXSDnu,Leman Sam,İlla,Ayrılığa Dayanamam,43,195626,False,0.645,0.37,7,-8.955,1,0.0367,0.82,0.0,0.177,0.53,126.029,4,jazz
51c0n7GwlM1eUtSq9B7a1v,BLOSSOM DEARIE,Jazz Romance,Tea For Two,0,204133,False,0.439,0.0196,3,-25.34,0,0.0378,0.959,2.19e-05,0.13,0.162,102.338,4,jazz
29aFRSKkk2kYToZF3JgVJC,Julie London,Desayuno en calma,I'm In The Mood For Love,0,149826,False,0.58,0.0545,9,-14.594,0,0.0473,0.963,0.000265,0.0967,0.177,123.341,4,jazz
0B1HBdtLt2ebn2iHPPn65L,Dean Martin,Jingle Bell Rock 2022,"Baby, It's Cold Outside",0,143733,False,0.439,0.196,0,-16.093,1,0.0601,0.88,0.0,0.0513,0.525,129.581,4,jazz
2LxGrlboLTVvmegFyRtdP5,Sertab Erener;Can Bonomo,İyiliğe Ninniler,Fış Fış Kayıkçı,45,424029,False,0.657,0.134,0,-13.431,1,0.0357,0.986,0.0,0.114,0.119,117.838,4,jazz
7vc0GwMQ3XlZHGYktErg5I,Peggy Lee,pov: you are walking in a winter wonderland,The Christmas Waltz,0,173106,False,0.25,0.168,1,-16.789,0,0.0329,0.822,0.000135,0.136,0.141,107.269,3,jazz
0VXJD6Gf5pUmEvMdvgcuBM,Natalie Cole,Coffee Break,Coffee Time,1,148333,False,0.748,0.31,8,-8.917,1,0.0448,0.488,0.0,0.136,0.499,129.924,4,jazz
3K2js6iGwWiAoMpCkuJG7M,Yura Yunita,Buktikan,Buktikan,39,186642,False,0.771,0.664,8,-3.825,1,0.0443,0.172,0.000114,0.0926,0.672,96.965,4,jazz
1LFJLpGF7gexCurvUsjqG9,Ella Fitzgerald,Santa Claus Is Coming To Town,Frosty The Snowman,0,131733,False,0.579,0.502,8,-7.57,1,0.0513,0.733,0.0,0.281,0.836,76.783,4,jazz
0sjxRg1VlYfx4YG7uxurrq,Nina Simone,I Put A Spell On You,I Put A Spell On You,66,155026,False,0.42,0.398,6,-9.13,0,0.0296,0.755,0.000537,0.172,0.364,88.897,3,jazz
4EkUrEYfuH6rycfOg9zeYS,Norah Jones,Jingle Bell Rock 2022,I Dream Of Christmas,0,203906,False,0.409,0.71,6,-6.215,1,0.0398,0.15,0.285,0.171,0.376,107.566,4,jazz
3UIZQZjOU6I2ru33kRvcV7,Peggy Lee,Classic Christmas Music 2022,It's Christmas Time Again,0,180960,False,0.393,0.173,5,-10.536,1,0.0304,0.868,0.0,0.146,0.223,105.587,5,jazz
0HLLXulya71QkF53jef2U3,Ceylan Ertem,Yine De Amin,Kovdum,39,225777,False,0.483,0.49,6,-7.935,1,0.04,0.819,0.000109,0.157,0.247,77.141,4,jazz
0eGSoRXnMmIlkwJaZAt2fi,Sammy Davis Jr.,pov: you are an christmas elf,Something's Gotta Give - Single Version,0,124040,False,0.558,0.341,9,-8.722,0,0.0452,0.727,0.0,0.0601,0.638,138.656,3,jazz
1xU4U0HkoKrDAkKxbTbda6,Kenny Burrell,Ultimate Calm Christmas Jazz,Merry Christmas Baby,0,205053,False,0.499,0.17,8,-15.412,0,0.0422,0.862,0.00108,0.085,0.269,94.45,3,jazz
761gSqtu2luRrFCRnH1hpz,Nat King Cole;John Legend,Rockin' Around The Christmas Tree 2022,The Christmas Song (Chestnuts Roasting On An Open Fire),0,210026,False,0.226,0.382,1,-9.243,1,0.0288,0.845,0.0,0.111,0.165,81.943,4,jazz
0f7a6m3AFaFM6uSG4PASl0,Isaac Hayes,pov: you rock around the christmas tree,The Mistletoe And Me,0,239280,False,0.331,0.42,5,-9.251,1,0.0292,0.658,2.64e-05,0.0537,0.157,95.862,4,jazz
0UsdtLayy7SqJ4rUsDMRk8,Doris Day,With A Smile And A Song,"Perhaps, Perhaps, Perhaps",59,151706,False,0.616,0.271,9,-12.215,0,0.0414,0.759,8.47e-06,0.0781,0.649,104.519,4,jazz
6BwxBmAMwn45gGbNtw1VE3,Nat King Cole,Calm Christmas,The Christmas Song (Merry Christmas To You) - Remastered,0,188266,False,0.294,0.253,1,-13.146,1,0.0349,0.884,6.3e-06,0.132,0.234,85.256,4,jazz
4AUror8X0wwt0KSpTJmGHW,Dinah Washington;Brook Benton,60s Christmas Party,Baby (You've Got What It Takes),0,169933,False,0.683,0.668,3,-8.36,1,0.0749,0.833,2.75e-06,0.0548,0.77,132.192,4,jazz
4fV4ENJPXONNMtGiujA2Hj,Ella Fitzgerald,Best Christmas Playlist Ever 2022,Frosty The Snowman,0,131733,False,0.579,0.502,8,-7.57,1,0.0513,0.733,0.0,0.281,0.836,76.783,4,jazz
5ojiOUgbkHXe1Jor1NlHAi,Nat King Cole,Weihnachtslieder 2022,The Christmas Song (Merry Christmas To You),0,192160,False,0.32,0.21,6,-15.231,1,0.0345,0.92,8.01e-05,0.138,0.208,73.196,5,jazz
2i6Zgt3uFaupWIcpvRORMn,B.B. King,Home For Christmas 2022,Please Come Home For Christmas,0,291440,False,0.498,0.533,10,-7.337,1,0.0245,0.261,0.0471,0.314,0.288,96.459,3,jazz
7tfSlkyv8xmyoUEGd53mBC,Ella Fitzgerald;Louis Armstrong,Coffee Break,Dream A Little Dream Of Me - Single Version,0,187693,False,0.45,0.25,0,-8.333,1,0.096,0.909,0.0,0.131,0.377,82.108,4,jazz
4tMBFkwGyBlZj2Rl1R7mwP,Ella Fitzgerald,Christmas Soul Classics,Sleigh Ride,0,175986,False,0.593,0.287,1,-12.472,1,0.0469,0.764,0.0,0.153,0.639,77.117,4,jazz
7GPKkJbfSduDWyoVvuaGq9,Nina Simone,Top Trending Romania - Vara 2022,Strange Fruit,1,209578,False,0.445,0.0553,11,-10.806,0,0.053,0.938,0.0,0.0865,0.22,87.228,1,jazz
2awoFGsXQwiU935BUlM6Wf,Gil Scott-Heron,Glitch The Ultimate Fantasy Playlist,Alien,0,572426,False,0.459,0.727,2,-11.668,1,0.593,0.766,0.0,0.959,0.596,107.96,4,jazz
7AHF3V7qRPhZV7gzJLZ3CL,Lester Young,The Complete Aladdin Recordings Of Lester Young,These Foolish Things - Remastered 1995,55,190933,False,0.593,0.103,10,-14.961,1,0.081,0.986,0.6,0.12,0.443,66.283,4,jazz
28njLrZycTveXnYxP5CmbH,Charlie Haden;Hank Jones,Ultimate Calm Christmas Jazz,It Came Upon The Midnight Clear,0,176653,False,0.494,0.0421,10,-26.853,1,0.0453,0.981,0.928,0.104,0.264,112.015,3,jazz
2P7MjfY0QD7jPeYfksJDdV,Rahul Deshpande;Jidnesh Vaze,Me Vasantrao (Original Motion Picture Soundtrack),Lalana,32,212068,False,0.619,0.626,10,-4.484,0,0.0368,0.555,0.0,0.308,0.815,72.265,4,classical
2C9ZfqsCQ2bSI51q4uJHaU,Wolfgang Amadeus Mozart;Florian Birsak,Mozart - All Day Classics,"Modulating Prelude, K.284a/2",24,42586,False,0.534,0.15,0,-14.58,0,0.0422,0.984,0.2,0.248,0.53,84.359,4,classical
1AypLOhAhLxEDCOy5XGxLM,Wolfgang Amadeus Mozart;Danielle Laval,Mozart - All Day Classics,"Nine Variations in D, K.573 on a minuet by J.P. Duport: 7a. Variation VI - Pt. 1",16,63893,False,0.457,0.0343,2,-27.041,0,0.0465,0.989,0.953,0.0988,0.435,71.381,3,classical
70HFIHUgLlQTDIU17WKeEQ,Wolfgang Amadeus Mozart;Mao Fujita,Mozart: The Complete Piano Sonatas,"Piano Sonata No. 16 in C Major, K. 545 ""Sonata facile"": II. Andante",32,293866,False,0.384,0.0687,7,-30.411,1,0.0451,0.992,0.94,0.141,0.417,137.211,4,classical
3Te9Xd6Xe9VlNYShcOthTV,Priya Sisters,Annamayya Pushpanjali,Govinda Govinda,35,324265,False,0.595,0.657,8,-5.418,1,0.0298,0.735,0.0,0.387,0.782,102.321,4,classical
4ve3FEyrdB3oNyT4Zwl7c7,Wolfgang Amadeus Mozart;Danielle Laval,Mozart: A Night of Classics,"6 Variations in F, K.54: 2. Variation I",24,51223,False,0.234,0.112,5,-28.132,1,0.0449,0.994,0.903,0.14,0.769,157.187,4,classical
48i1p3R9l9f7zjcHPJysZZ,Ludovico Einaudi,Underwater,Wind Song,65,198649,False,0.339,0.00572,11,-32.309,0,0.0378,0.986,0.923,0.103,0.0616,72.7,3,classical
3lSOZb5rruEnFbe9xWELF6,Fabrizio Paterlini,Fragments Found,Rue des trois frères,65,111442,False,0.348,0.169,1,-18.45,1,0.0413,0.959,0.889,0.1,0.107,138.877,3,classical
31MPMuJJoYfX91Myeqi8ob,Wolfgang Amadeus Mozart;Danielle Laval,Mozart - Inspiring Classics,"9 Variations on a Minuet by J.P. Duport in D, K.573: 8. Variation VII",4,62325,False,0.354,0.194,2,-20.373,1,0.034,0.989,0.961,0.251,0.67,145.106,3,classical
79K4b21afCoS5rOV2g47h2,Pyotr Ilyich Tchaikovsky;phil Blech Wien;Anton Mittermayr,Classical Christmas,"Der Nussknacker, Op. 71: Ouvertüre",0,193733,False,0.707,0.261,5,-14.57,1,0.0559,0.994,0.904,0.0724,0.576,117.466,4,classical
3rLobQ54GYexb7HyFZS8J0,Wolfgang Amadeus Mozart;Academy of St. Martin in the Fields;Sir Neville Marriner,Mozart: A Night of Classics,"Six German Dances, K.509: No. 1 in C",7,95706,False,0.413,0.0509,2,-18.693,1,0.0375,0.965,0.902,0.24,0.514,93.116,4,classical
1YiKbubLpCNli6Bu70y0Mf,Johann Sebastian Bach;Daniel Hope;Lorenza Borrani;Lucy Gould;Stewart Eaton;William Conway;Enno Senft;Stefan Maass;Stefan Rath,Classical Christmas 2022,"Suite No. 3 in D Major, BWV 1068: II. Air",0,301333,False,0.169,0.049,2,-23.409,1,0.0385,0.956,0.017,0.15,0.0799,136.065,4,classical
5IoO5ivp4YvNtgp96nZL3W,Sirkazhi Govindarajan,Vinayagar - Murugan Songs Tamil Devotionl -Revival,Chuzhi Pottu Revival,29,205689,False,0.376,0.574,7,-10.636,1,0.0575,0.942,0.0283,0.37,0.912,89.724,3,classical
4DWttivSdv7MIRbuRcE0Vc,Wolfgang Amadeus Mozart;Danielle Laval,Mozart - Inspiring Classics,"8 Variations on ‘Dieu d'amour’ from ‘Les mariages samnites’ by Grétry in F, K.352: 1. Theme",1,96880,False,0.522,0.0141,5,-24.694,1,0.104,0.996,0.911,0.0955,0.642,163.216,4,classical
2nYrRZDwNr6PozbY68pTF8,Wolfgang Amadeus Mozart;Arthur Grumiaux;Walter Klien,Mozart - All Day Classics,"Sonata for Piano and Violin in E flat, K.481: 3f. Variation 5",9,75986,False,0.336,0.155,0,-20.784,0,0.0399,0.99,0.791,0.153,0.871,166.114,3,classical
4N9wT4gXdCIVIoyYrGQ5ms,Wolfgang Amadeus Mozart;Wiener Mozart Ensemble;Willi Boskovsky,Mozart - All Day Classics,"Contredanse in E flat, K.607 ""Il Trionfo delle Donne""",8,85000,False,0.636,0.203,3,-14.286,1,0.0412,0.964,0.326,0.171,0.717,118.5,4,classical
6XLck8tffACktQduEhXOSt,Robert Schumann;Pavel Nersessian,"Schumann, Poulenc & Others: Piano Works (Live in Japan, 2022)","Carnaval, Op. 9: No. 19, Promenade (Live in Japan, 2022)",0,112040,False,0.445,0.0316,1,-24.615,1,0.0531,0.994,0.891,0.13,0.13,67.165,3,classical
0G4jEryDZ7hp5tN6lSjOwW,Wolfgang Amadeus Mozart;Danielle Laval,Mozart - All Day Classics,"8 Variations on ‘Come un agnello’ by Sarti in A, K.460: 4. Variation III",16,57342,False,0.445,0.126,9,-16.27,1,0.0358,0.984,0.906,0.155,0.534,104.928,3,classical
16mKMqXTYDNFOo5bW7hmhC,Wolfgang Amadeus Mozart;Ingrid Haebler;London Symphony Orchestra;Sir Colin Davis,Mozart: Piano Concertos Nos. 14-21,"Piano Concerto No. 16 in D Major, K. 451: I. Allegro assai",5,656786,False,0.342,0.155,2,-19.013,1,0.0372,0.99,0.904,0.0922,0.161,134.91,4,classical
75TwXjTXXVOYVh0IeHYLVV,Soolamangalam Sisters,Arul Isai Thendral - Sulamangalam Sisters,Azhagellam Murugane,39,189120,False,0.524,0.636,0,-7.238,0,0.034,0.782,0.0535,0.0662,0.827,153.114,4,classical
3wjQZWJAeEmb7Z3CdsNajq,Duke Ellington;John Coltrane,All I want For Christmas Is Music,In A Sentimental Mood,0,256293,False,0.445,0.278,10,-11.882,0,0.0313,0.914,0.00577,0.101,0.262,99.058,3,classical
6Paa21xzskYSJgTLaEZyPX,Erik Satie;Anne Queffélec,Stress Free Music,3 Gymnopédies: I. Lent et douloureux,0,212773,False,0.461,0.00214,7,-34.268,1,0.0526,0.996,0.945,0.0818,0.234,84.3,3,classical
6bfzJqCmmKyn7GQtgnfWd1,Giacomo Puccini;Renée Fleming;English Chamber Orchestra;Jeffrey Tate,Silvia Colloca - Sing Like An Italian,"La rondine, SC 83: Chi il bel sogno di Doretta",1,223314,False,0.234,0.136,5,-18.882,1,0.0458,0.97,0.281,0.108,0.0374,85.418,4,classical
2xizRhme7pYeITbH1NLLGt,Pyotr Ilyich Tchaikovsky;André Previn;London Symphony Orchestra,Tchaikovsky: Swan Lake,"Tchaikovsky: Swan Lake, Op. 20, Act II: No. 10, Scene. Moderato",65,166866,False,0.136,0.164,4,-18.756,0,0.0364,0.911,0.916,0.109,0.071,58.303,4,classical
1CgDMjpXycHdIaTqBkaHSv,Franz Schubert;Kanako Yanagida;Kentaro Ifuku,Suono eterno,"Violin Sonata in D Major, Op. 137 No. 1, D. 384: II. Andante",0,248226,False,0.377,0.115,9,-17.089,1,0.0529,0.986,0.069,0.0988,0.264,109.99,4,classical
2wmQki14Gwt1gZUQdrWI1W,Johannes Brahms;Karin Lechner,Refreshing Piano,"Four Pieces For Piano, Op. 119: II. Intermezzo in E Minor",0,289240,False,0.258,0.0478,4,-26.069,1,0.0505,0.993,0.902,0.113,0.0859,65.37,3,classical
5VJkEUAvmEelXkmKAE21U6,Rashid Khan;Palak Muchhal;Neha Sharma;Aashim Gulati,"Yaar Zaahir (feat. Neha Sharma,Aashim Gulati)","Yaar Zaahir (feat. Neha Sharma,Aashim Gulati)",46,289133,False,0.677,0.38,3,-14.241,1,0.0324,0.937,0.0571,0.112,0.525,102.036,4,classical
5DguvMxaEjAE0GxprOq3cL,Wolfgang Amadeus Mozart;Wiener Mozart Ensemble;Willi Boskovsky,Mozart: A Night of Classics,Four Contredanses K.267: No. 1 in G,9,85026,False,0.537,0.207,2,-21.004,1,0.0597,0.976,0.876,0.197,0.762,141.911,3,classical
04iTE6hn0yvbWHJXkIfLyy,Wolfgang Amadeus Mozart;Ingrid Haebler;Wiener Symphoniker;Christoph von Dohnányi,"Mozart: Piano Concertos Nos. 12, 18 & 19","Piano Concerto No. 18 in B-Flat Major, K. 456: II. Andante un poco sostenuto",7,693666,False,0.21,0.0975,7,-21.648,0,0.0342,0.973,0.879,0.5,0.0832,84.993,4,classical
03B8ZXUmuDpf59j5PIMFHq,Wolfgang Amadeus Mozart;Heinz Holliger;Academy of St. Martin in the Fields;Kenneth Sillito,Mozart - All Day Classics,"Ma che vi fece... Sperai vicino, K.368: 1. Andantino",7,86160,False,0.29,0.049,5,-24.072,1,0.0555,0.98,0.753,0.108,0.114,76.473,4,classical
5nIrdpo8eXQU3YgZelEXkd,Vigiland;Tham Sway,Shots & Squats,Shots & Squats,64,171799,True,0.807,0.812,5,-5.009,0,0.106,0.00773,0.000501,0.236,0.242,128.012,4,electronic
55kDJdv7pymmG4URJlVTYR,Oliver Koletzki,The Arc of Tension,Tankwa Town,50,453506,False,0.736,0.401,7,-11.285,1,0.0476,0.102,0.293,0.0938,0.0543,100.008,4,electronic
6HfKUHjHuev7pYC0bFS1v5,Modeselektor,Tsugi Chill-Out,Tacken,1,200389,False,0.64,0.533,10,-8.951,0,0.0417,0.0867,0.24,0.17,0.176,103.027,4,electronic
2RoTe14GxtkU0ZzCgKys5X,Multani,Old World Songs in a New World Order,Kalyan,25,187684,False,0.763,0.414,1,-11.165,1,0.0845,0.0829,0.637,0.0552,0.498,125.0,4,electronic
2pSsHnjAgEPjHmet7ChlHQ,James Blake;SZA,Friends That Break Your Heart,Coming Back (feat. SZA),65,195905,True,0.653,0.496,10,-7.262,0,0.0868,0.625,0.274,0.151,0.102,86.013,4,electronic
7kXmJwrZGIhDaLT9sNo3ut,The Chemical Brothers,Surrender,Hey Boy Hey Girl,65,290493,False,0.632,0.92,2,-4.976,1,0.0531,0.119,0.508,0.114,0.363,127.001,4,electronic
5zSLlhe4kThCv0otCTv5CL,22 Void Beats;Sneaky Ollie;Milano The Don,Motivation,Motivation,38,118583,False,0.469,0.95,9,-6.459,1,0.443,0.0264,0.00453,0.19,0.312,149.883,4,electronic
5QRhs05R9MOXHQC2OOn5bq,Innellea,Distorted Youth EP,Loss Of Hope,45,439024,False,0.682,0.927,5,-6.129,0,0.0373,0.133,0.842,0.0918,0.113,122.998,4,electronic
4kJWtxDDNb9oAk3h7sX3N4,deadmau5,Strobe,Strobe,45,634151,False,0.436,0.524,8,-7.754,0,0.038,0.00947,0.901,0.114,0.0365,128.02,4,electronic
6re8Gb0JHD69k5B53tCAF6,HXE,Overnight,Overnight,49,73534,True,0.812,0.474,2,-6.966,1,0.36,0.168,4.89e-05,0.182,0.476,158.121,4,electronic
3x2djB2lM7twnO8D2M6A0C,Yellow Claw,Trap Anthem,Trap Anthem,46,147378,True,0.618,0.977,11,-2.615,0,0.216,0.00809,0.643,0.303,0.65,150.067,4,electronic
0RVmOh80HfpuygCBt2d1va,DJ Snake,Disco Maghreb,Disco Maghreb,64,184799,False,0.655,0.923,7,-3.5,1,0.216,0.0581,0.00259,0.382,0.45,99.961,4,electronic
5VN1XdYltgHjqsOh4kGrsD,Tunacola,Todos los Veranos del Mundo,Guachita,36,204173,False,0.418,0.655,3,-6.112,1,0.0523,0.518,2.08e-05,0.0834,0.376,73.825,4,electronic
6Lug1sWzQOhfySNlsmDNkI,Sahalé,Buddha Bar (by Sahalé & Ravin),Sapana,41,284709,False,0.823,0.521,2,-14.675,0,0.0361,0.73,0.823,0.119,0.431,110.025,4,electronic
6INLpBxo9F5QMer04VXEnd,Air,Moon Safari,Sexy Boy,59,298466,False,0.437,0.652,0,-6.152,1,0.0288,0.0011,0.614,0.111,0.211,111.888,4,electronic
4aJNMwyjD2xCEE2aWNbm2g,Francisca Valenzuela,Buen Soldado,Esta Soy Yo,35,198200,False,0.768,0.893,0,-4.443,1,0.0334,0.508,2.24e-05,0.0623,0.79,135.082,4,electronic
7ahLXEQsn8588vLthwT4ud,CA7RIEL,LIVRE,Vibra Alta,42,194666,False,0.739,0.726,11,-6.384,0,0.192,0.285,0.0,0.108,0.58,89.997,4,electronic
6eCRmIS436mdOdcUJbglWo,Space Motion,Twisted Voice,Twisted Voice,44,402439,False,0.815,0.849,11,-8.145,0,0.114,0.000629,0.718,0.625,0.522,123.016,4,electronic
0qmjmWM5WKoSWC7KCFnhcS,Dualist Inquiry;Kavya Trehan,Dreamcatcher,Zero Hour,26,226255,False,0.581,0.723,0,-8.381,1,0.0311,0.227,0.139,0.425,0.268,103.944,4,electronic
3rI6J22xq3t8RDpxIOBo1C,Four Tet,Parallel,Parallel 6,55,306970,False,0.711,0.635,4,-13.168,0,0.0537,0.66,0.96,0.194,0.646,124.034,4,electronic
27CiyWWdkSAM6mWfaNYaxt,Babasónicos,Repuesto de Fe (En Vivo),Irresponsables - En Vivo,37,164933,False,0.392,0.965,4,-4.841,0,0.06,0.00289,0.0,0.885,0.725,187.919,4,electronic
67Hna13dNDkZvBpTXRIaOJ,Massive Attack,Mezzanine,Teardrop,71,330773,False,0.615,0.419,11,-8.8,0,0.0395,0.0173,0.497,0.135,0.216,76.997,4,electronic
5q7AR3TkyCxlgxAjBMu4yL,Conro,Level Days,Therapy,59,186150,False,0.745,0.6,1,-8.863,1,0.118,0.0162,0.00271,0.0628,0.921,99.975,4,electronic
0gtAguNPDQ7JzK7HzYcUez,Bellorum,Front,Front,45,142400,False,0.61,0.923,6,-3.578,0,0.0431,0.000234,0.88,0.299,0.393,150.031,4,electronic
2UkoP24VFjCccfeCo8b6v4,Ghauri;Noor Chahal,Yaariyan Lofi Flip,Yaariyan Lofi Flip,33,157820,False,0.673,0.413,0,-8.787,0,0.0632,0.0239,7.73e-06,0.293,0.341,78.068,4,electronic
4Juaa2ppIOYcSWbrVtcrNp,Dillon Francis;Aleyna Tilki,Happy Machine,Real Love,63,135265,False,0.549,0.793,10,-4.313,0,0.104,0.0496,7.7e-05,0.0522,0.541,123.893,4,electronic
0ITaSRuI0L1RNL7ZNYTTi7,DJ Snake;Future,U Are My High (with Future),U Are My High (with Future),64,211200,False,0.602,0.824,0,-4.087,0,0.0547,0.0867,0.0,0.0947,0.442,125.147,4,electronic
3Z1UC4VQYymleh4Ko4Toch,HEDEGAARD;Era Wadi;CANCUN?,Don't Fuck With Me (feat. Era Wadi & CANCUN?),Don't Fuck With Me (feat. Era Wadi & CANCUN?),45,157810,True,0.82,0.812,0,-7.905,1,0.123,0.00325,1.07e-06,0.243,0.54,91.976,4,electronic
2WDjQJptGBH8ZOpXrBehBh,Yellow Claw;Angger Dimas,"Amsterdam Trap Music, Vol. 2 (Remixes)",Kaolo Pt.2 - Angger Dimas Remix,30,224718,False,0.576,0.937,6,-5.059,0,0.0464,0.000244,0.871,0.0903,0.334,100.979,4,electronic
1OMdHd8cKDcebpWRzwzTKD,Nxtwave,Nxtwave,Volar Contigo,33,225240,False,0.599,0.792,8,-4.675,1,0.0328,0.0976,1.04e-05,0.0777,0.265,98.978,4,electronic
14ZoSQzMmy8LwCmCt7NynJ,Steve Miller Band,Halloween Songs | Witches Hour,Abracadabra,2,308373,False,0.791,0.534,9,-13.261,0,0.0355,0.0749,1.99e-06,0.156,0.963,127.488,4,country
5jQxNgMrDlbuYO6LQ3aY4Y,Lasse Stefanz,Greatest Hits,Du försvann som en vind,47,208120,False,0.633,0.696,7,-6.626,1,0.0296,0.0914,4.08e-05,0.266,0.714,112.992,4,country
3bMh0f7p377DT6esXJoJa6,Ashley McBryde,Good Times Country,Styrofoam,0,175853,False,0.737,0.701,0,-6.013,1,0.0446,0.0495,1.11e-06,0.108,0.844,85.001,4,country
3hLuHKzG1cmlRpq53ZVWd8,Gabby Barrett,Goldmine,The Good Ones,74,215140,False,0.519,0.552,2,-5.023,1,0.0259,0.18,0.0,0.149,0.331,89.957,4,country
1UO0GrW5aAYqWPBYvLdpo2,Brett Eldredge,Cozy Country,Holy Water,0,164426,False,0.519,0.363,9,-8.238,1,0.0302,0.317,1.17e-06,0.108,0.211,95.275,4,country
10VgkQlMqdck8KPIEDwkfA,Michael Ray,Just Best Covers,Blank Space,0,259370,False,0.529,0.825,4,-4.454,1,0.0324,0.158,0.0131,0.385,0.227,93.969,4,country
0WIeJxgsLtiUGqoSxB9Bht,Devin Dawson,Cozy Country,All on Me,0,224626,False,0.634,0.666,5,-5.489,1,0.029,0.139,0.0,0.216,0.625,80.989,4,country
6B7KZkn8aUTZNaTjRRYgtK,Vince Gill;Jenny Gill,Slow Christmas Songs 2022,Let There Be Peace On Earth,0,272586,False,0.453,0.139,6,-12.683,1,0.0302,0.806,3.11e-06,0.121,0.17,105.33,3,country
3y4LxiYMgDl4RethdzpmNe,Faith Hill,Breathe,Breathe,67,250546,False,0.529,0.496,7,-9.007,1,0.029,0.173,0.0,0.251,0.278,136.859,4,country
1uM9MucJX0ztob8h3XFakX,Bailey Zimmerman,Single Saturday Night - Country Songs,Fall in Love,0,232058,False,0.524,0.643,9,-6.055,1,0.0297,0.451,0.0,0.221,0.397,135.962,4,country
11qh54D0PKkBwelpDxxiEU,Little Big Town,Pain Killer,Girl Crush,70,193320,False,0.5,0.225,0,-10.22,1,0.0302,0.842,0.0,0.112,0.355,173.788,3,country
4quvClCm13beWUAS7A8oOb,Cody Johnson,Hideaway - New Boots,Human,0,221520,False,0.4,0.647,2,-7.279,1,0.0337,0.176,5.79e-05,0.11,0.274,84.08,4,country
2ApAOCbBkN9MyyEYN0HaHq,Vassendgutane,Skrekkraude Rapala,Skrekkraude Rapala,49,187071,False,0.462,0.903,9,-6.761,1,0.033,0.0684,0.0,0.341,0.784,168.034,4,country
55ozcvNq4CYnpWRR1Ma7F0,Avery Anna,Laidback Country,Critic,0,191493,False,0.529,0.467,8,-4.663,1,0.0263,0.23,0.0,0.0922,0.24,132.09,4,country
61F4Rp4Kh9jQZxO9B5KDDJ,Cayouche,Un vieux hippy,La chaîne de mon tracteur,41,144240,False,0.603,0.198,2,-19.179,1,0.0319,0.952,0.000146,0.0999,0.734,98.548,4,country
4gTyrZ0cv1J5YZgNQiNyN4,Corey Smith,Outtakes from the Georgia Theatre,F*** the Po-Po,41,347666,False,0.481,0.468,2,-11.315,1,0.0605,0.817,0.0,0.933,0.443,112.981,4,country
0fI5GUO2rDHujmgu6JpUgQ,Kacey Musgraves;Camila Cabello,Christmas 2022,Rockin' Around The Christmas Tree - From The Kacey Musgraves Christmas Show,0,124240,False,0.745,0.598,10,-6.053,1,0.0975,0.129,0.0,0.678,0.789,148.906,4,country
6uwohXXrnk9ihvvS957yN9,Canned Heat,(60's) Sixties Collected Volume 2,Goin' Up The Country,0,169560,False,0.628,0.356,10,-12.471,1,0.0386,0.932,0.000608,0.116,0.605,80.205,4,country
5ta8NyQiixodcCinI6jjS6,Florida Georgia Line,Life,Life,61,232464,False,0.485,0.663,7,-5.759,1,0.0338,0.0686,0.0,0.129,0.38,142.921,4,country
2g5S7wT7ESu0QwiwwPNZxQ,Lady A,Pop Christmas 2022,Christmas Through Your Eyes,0,239266,False,0.584,0.579,1,-7.347,1,0.024,0.428,3.66e-05,0.302,0.256,99.024,4,country
4XYieGKSlJlHpzB3bl6WMP,Steve Miller Band,Helloween Party,Abracadabra - Remastered 2017,1,307909,False,0.753,0.788,9,-7.271,0,0.0383,0.126,1.07e-06,0.141,0.964,127.521,4,country
1Jp4sSVE8NlhjTJ9PY6MTh,Blake Shelton;Gwen Stefani,Laidback Country,Happy Anywhere,0,171026,False,0.606,0.737,8,-5.745,1,0.0321,0.134,0.0,0.057,0.65,82.966,4,country
4eLbYxBsc6ErmNtaZxhf2A,Josh Turner,Country Christmas Greatest Hits,Go Tell It On The Mountain,1,173746,False,0.508,0.485,5,-6.903,1,0.0325,0.835,0.0,0.126,0.808,117.015,5,country
4QGCcm1t0HyKdl8ocOyD6F,Ingrid Andress,Country Holiday,Christmas Always Finds Me,0,200662,False,0.386,0.124,0,-9.736,1,0.0306,0.928,0.0,0.116,0.46,94.166,3,country
73w8GfSDzvrW229qj0TxyG,Cole Swindell,Hideaway - New Boots,Stereotype,0,222400,False,0.634,0.87,7,-5.42,1,0.0326,0.00776,7.06e-05,0.0845,0.786,130.043,4,country
2y6u1FsY2HSuSsn0cemmqu,Cole Swindell,Single Saturday Night - Country Songs,You Should Be Here,0,190173,False,0.491,0.641,7,-4.456,1,0.0282,0.0592,0.0,0.0857,0.299,136.1,4,country
1RApeFN2al65TwLqQ2cVho,Dan + Shay;Justin Bieber,Relaxing Pop,"10,000 Hours",2,167693,False,0.654,0.63,10,-4.644,1,0.0259,0.149,0.0,0.111,0.43,89.991,4,country
2eWFxHnEFuRudme41Er4ef,The Oak Ridge Boys,Christmas Only: The Timeless Classic Collection,The Angels Must Have Cried,0,170040,False,0.205,0.443,5,-9.936,1,0.0326,0.985,0.0463,0.103,0.269,87.914,4,country
5eQtR62IZ8P8qZM2pSD9Ip,Shania Twain,Up! (Red and Green Versions),Forever And For Always,59,283000,False,0.469,0.722,6,-4.806,1,0.0326,0.232,0.0,0.123,0.529,85.984,4,country
0jmHIDi5pCbtTuvM9t323L,Ashley Monroe,Country Christmas Time,Tennessee Christmas,0,253520,False,0.653,0.433,0,-8.307,1,0.0243,0.505,1.65e-05,0.193,0.423,96.004,4,country
48LSzryqsS0K3oNJKwBtEP,Charlie Brown Jr.,Bocas Ordinárias,Somos Poucos Mas Somos Loucos,43,330746,False,0.644,0.896,1,-5.912,1,0.104,0.0656,0.000133,0.0838,0.596,98.087,4,r-n-b
4IjlD8YWZiLrT4nZOFoLxv,Lupillo Rivera,El Toro del Corrido,Tú y las Nubes,42,181021,False,0.676,0.597,5,-6.759,1,0.0526,0.143,0.00657,0.293,0.439,110.728,1,r-n-b
0AzUzlm33acEPEebIv4QHR,Vera Loca,Vera Loca (Ao Vivo),Graffiti - Ao Vivo,42,227480,False,0.415,0.877,1,-5.395,0,0.0305,0.221,0.0,0.97,0.571,96.804,4,r-n-b
2ImAP3mezUhfEZkqx8HtYW,A Família,Só as Melhores,Brinquedo Assassino,43,382142,True,0.771,0.746,9,-4.497,1,0.262,0.0902,0.0,0.0464,0.502,148.054,4,r-n-b
5kxMnTTT1CMmE4VFxitybl,Flora Matos,FLORA DE CONTROLE,17 MINA,45,116956,False,0.709,0.727,1,-8.918,1,0.211,0.41,0.00554,0.105,0.794,74.967,4,r-n-b
6e3mKhIpIyvUkbeQ0cSLPQ,Mariano Barba,Nuestro Punto G,Me Gustas,43,203066,False,0.693,0.461,2,-8.051,1,0.0397,0.721,0.000178,0.0722,0.429,147.921,4,r-n-b
1u7qEu0bZXGHW6gfOKyRfX,Valentín Elizalde,Íconos 25 Éxitos,A Mis Enemigos,43,183573,False,0.811,0.476,3,-5.281,1,0.0508,0.743,8.19e-05,0.0598,0.97,102.538,3,r-n-b
5vn0OLU5oirXcxhpV4qcwV,Herva Doce,Série 2 em 1 - Herva Doce,Amante Profissional,44,207893,False,0.742,0.946,2,-3.629,1,0.0651,0.173,1.48e-06,0.0251,0.959,142.618,4,r-n-b
5cg0iQYSuJOUwxAtikIivY,Julio Preciado Y Su Banda Perla Del Pacifico,Una Pagina Más... Los Exitos,Un Rinconcito en el Cielo,41,215066,False,0.897,0.644,5,-6.437,0,0.0434,0.449,0.0264,0.139,0.972,109.976,4,r-n-b
6vmVxm1RRAKfc7MPVUWy3z,Nathaniel Rateliff & The Night Sweats;Julie Davis,Alternative Christmas 2022,Baby It's Cold Outside,0,196649,False,0.569,0.419,0,-9.725,1,0.0318,0.831,0.0,0.108,0.45,97.918,4,r-n-b
21i5B2i5ZIcofVwjuo9LKG,Maria Bethânia;Zeca Pagodinho,De Santo Amaro a Xerém (ao Vivo),Ogum / Oração de São Jorge - Ao Vivo,41,252692,False,0.507,0.503,9,-11.759,1,0.143,0.642,0.0,0.202,0.605,87.038,4,r-n-b
7l7jGqZ6tLyCpDURjWJCdS,Chuy Lizarraga y Su Banda Tierra Sinaloense,En la nada,¿Dónde Estas Presumida?,0,213920,False,0.648,0.441,3,-3.676,1,0.0332,0.715,0.0,0.0685,0.894,130.986,3,r-n-b
0EkSHAQktdf7R26LRQiKGQ,Cliff Richard,Christmas Music - Holiday Hits,Mistletoe and Wine,0,245333,False,0.498,0.432,9,-14.386,1,0.0345,0.688,0.0,0.136,0.365,135.015,3,r-n-b
4Ih8VpfrjulVJteZTXOJHS,Inimigos Do Rei,Inimigos Do Rei,Adelaide (You'll Be Illin'),40,195040,False,0.75,0.738,2,-11.113,1,0.0403,0.47,0.0,0.0661,0.965,134.534,4,r-n-b
1zz2mZGTBNGU35XdCSgvB2,Edwin Luna y La Trakalosa de Monterrey;Big Javy,La Banda Grande de la Sultana del Norte,Mi Nombre Entre Tus Dientes (feat. Big Javy),41,208946,False,0.723,0.616,2,-3.939,0,0.1,0.615,0.0,0.0729,0.573,137.97,4,r-n-b
1Hc8ZNJYZKSSlnpKHRRXkK,Paula Toller,Chill in Brazil,Eu quero ir pra rua,0,230560,False,0.536,0.552,1,-9.553,1,0.0266,0.478,0.102,0.139,0.398,171.887,4,r-n-b
2anDnmAKIauJ4of6K1BoGx,Biquini Cavadão,1985/2007 Sucessos Regravados (Vol. 2),Janaína,47,218613,False,0.578,0.88,9,-5.113,1,0.0496,0.108,2.9e-06,0.114,0.719,175.983,4,r-n-b
0keU4gyeaRX69PJziMMwwP,Julio Preciado Y Su Banda Perla Del Pacifico,Homenaje A Ramon Ayala,Las Dos Monedas,41,209866,False,0.665,0.526,7,-8.149,1,0.0381,0.502,0.0,0.133,0.975,98.206,3,r-n-b
2Hh6q4RUkddqIvhq9WSzKz,Skank,Multishow Ao Vivo - Skank no Mineirão,Ali - Ao Vivo,41,337506,False,0.262,0.849,4,-3.791,1,0.0489,0.119,0.0,0.971,0.308,83.692,4,r-n-b
6usuEveqwUGH07BI7AWM7f,Banda Rancho Viejo De Julio Aramburo La Bandononona,Amor Ranchero,Amor Ranchero,47,143786,False,0.568,0.7,10,-5.724,1,0.0669,0.164,0.00546,0.103,0.971,129.505,4,r-n-b
6RH1tgyOx8OrzPExzCm59Q,Engenheiros Do Hawaii,O Papa É Pop,"O Exército De Um Homem Só, I",43,291360,False,0.512,0.562,4,-9.623,1,0.0332,0.0141,0.0152,0.283,0.523,159.211,4,r-n-b
1jdAzKbRRrIQ3fpodftKfj,Legião Urbana,Mais Do Mesmo,Geração Coca-Cola,48,141400,False,0.574,0.89,6,-5.789,0,0.041,0.082,0.0,0.0741,0.83,97.9,4,r-n-b
31H6au3jhblhr6MMJiXnCq,Eric Carmen,The Definitive Collection,"Hungry Eyes - From ""Dirty Dancing"" Soundtrack",74,251066,False,0.712,0.549,5,-9.484,1,0.0254,0.011,0.0,0.118,0.552,109.882,4,r-n-b
2xN6A2Ru5r7gOL8ECeSExi,Blitz,Com Você,Mais Uma De Amor (Geme Geme),44,229715,False,0.391,0.792,7,-8.774,1,0.0567,0.388,1.19e-06,0.895,0.759,170.481,4,r-n-b
2NV0oNAYgjlN27SeNIo8bL,O Rappa,O Rappa - Acústico Oficina Francisco Brennand (Deluxe) [Ao Vivo],Na horda - Ao vivo,47,306961,False,0.581,0.857,7,-5.89,0,0.127,0.374,0.0462,0.96,0.697,140.885,4,r-n-b
62U267s93BGXW3NksPKVs3,The Platters,Christmas Soul Classics,Jingle Bell Rock,0,108186,False,0.525,0.711,2,-5.325,1,0.0333,0.651,0.0,0.657,0.904,69.688,4,r-n-b
5QvW5lK6mkfTegpAK9JOO7,Fivio Foreign;The Kid LAROI,Paris to Tokyo,Paris to Tokyo,71,130897,True,0.642,0.787,5,-6.389,0,0.17,0.0185,0.0,0.288,0.406,146.733,4,r-n-b
1ghKTQnQ3eK4PCz1sCdNoa,La Original Banda El Limón de Salvador Lizárraga;Joel Elizalde,Te Llevaste Lo Mejor,Te Llevaste Lo Mejor,41,228778,False,0.789,0.527,10,-4.931,1,0.0335,0.297,6.37e-05,0.065,0.966,131.041,4,r-n-b
6S1G1YciJfoW5wRzMio6Ll,Agnes Nunes;Neo Beats,Hiroshima,Hiroshima,41,216033,False,0.698,0.358,2,-9.843,0,0.151,0.396,0.0,0.356,0.3,107.052,4,r-n-b
2Cl9xsAUKBPMXuUBUXklbn,Barão Vermelho,iCollection - Barão Vermelho,Puro êxtase,40,237213,False,0.776,0.944,9,-3.686,1,0.0642,0.127,0.00016,0.0595,0.702,120.006,4,r-n-b
11BUFxLtMAVUtJaTnNK8Ey,JVKE;ILLENIUM;NURKO,golden hour (ILLENIUM & NURKO Remix),golden hour - ILLENIUM & NURKO Remix,57,201904,False,0.453,0.771,1,-4.382,0,0.0341,0.046,0.0,0.159,0.0754,126.003,4,indie
4NO6XC0EV2l7mkKjSJViix,salem ilese,"It's Christmas, Let's Dance",Marry Christmas,0,162009,False,0.541,0.753,0,-6.512,1,0.0511,0.0677,0.0,0.108,0.572,149.743,4,indie
7nBtvMaR4GTorkIlNlvN59,salem ilese,All I Want For Christmas Is You,Marry Christmas,0,162009,False,0.541,0.753,0,-6.512,1,0.0511,0.0677,0.0,0.108,0.572,149.743,4,indie
3Trk97TnEvpYk1iIcR3GRq,Nucleya;Julius Sylvest;Gagan Mudgal,Bass Rani,Mumbai Dance,46,183092,False,0.655,0.892,8,-5.792,1,0.0771,0.0202,0.0917,0.321,0.486,97.01,4,indie
2wopaZn4bijSHJHOi8eICq,Ritviz,Ved,Barso,49,257142,False,0.537,0.829,2,-6.831,1,0.0318,0.0268,0.00715,0.124,0.0383,140.047,4,indie
7cYIJYDp9ZhkELwN6LjEqg,The Rare Occasions,Tek It - New Noise,Notion,0,195120,False,0.309,0.883,9,-3.825,1,0.0808,0.0673,0.00111,0.0849,0.312,159.488,4,indie
62xTWuLB2JucUM9lCmr7kj,Ritviz,Mimmi,Aas Paas,47,98412,False,0.633,0.452,7,-9.119,1,0.0531,0.0162,0.151,0.169,0.402,114.058,4,indie
6hFeEa1XPaw2bbHi8eFt4x,Raman Negi,Ek Din,Ek Din,46,300202,False,0.724,0.644,2,-7.367,1,0.102,0.0279,0.000801,0.903,0.699,91.995,4,indie
0Ai5lxcQ7WfxLtZn6h9PG1,Bipul Chettri,Syndicate - Single,Syndicate,47,288000,False,0.633,0.427,1,-12.788,0,0.0431,0.387,0.000167,0.33,0.757,119.979,4,indie
30KPG6tcT4DAYsYdTEBoXh,Ellie Goulding;Juice WRLD,pov: it's 2019,Hate Me,0,186226,False,0.658,0.791,8,-4.66,1,0.0512,0.102,0.0,0.139,0.744,75.017,4,indie
1Mk9ou2m6hsEZJYuNRJFpO,Matt Hartke,London's Song,London's Song,65,178573,False,0.562,0.266,4,-14.852,1,0.0409,0.928,0.000626,0.0983,0.493,88.968,4,indie
5ln5yQdUywVbf8HhFsOcd6,Halsey,hopeless fountain kingdom (Deluxe),Walls Could Talk,77,101789,True,0.626,0.423,1,-6.035,1,0.0513,0.128,0.0,0.18,0.571,95.162,4,indie
1qriL63qImdxwjsZH4TUBM,Hriday Gattani;Chinmayi,24 (Original Motion Picture Soundtrack),Prema Swaramulalo,44,289266,False,0.493,0.533,4,-10.636,1,0.0409,0.552,1.39e-05,0.134,0.468,142.405,3,indie
68KJfbYO4h7wCzbq3CJ0T7,Anupam Roy;Shreya Ghoshal,Praktan (Original Motion Picture Soundtrack),Kolkata,41,281685,False,0.665,0.539,0,-6.062,1,0.0326,0.714,0.0,0.109,0.441,115.869,4,indie
38ffZsovm7LjAtdvXjp0BP,Hayley Williams,rainy day indie,Pure Love,0,187086,False,0.79,0.475,0,-6.787,1,0.0585,0.0772,7.58e-05,0.125,0.827,95.003,4,indie
1ryH3lEGX8dn6YhpJvp1YF,Paul Simon,12 Days of Christmas 2022,Getting Ready For Christmas Day,0,245506,False,0.733,0.756,2,-8.05,1,0.135,0.438,3.22e-05,0.335,0.923,124.09,3,indie
1mzyWMQf2TtVJzHM1Hf3Pv,Stevie Wonder,Christmas Classics,One Little Christmas Tree,0,161693,False,0.406,0.377,10,-11.717,1,0.0597,0.764,0.0,0.272,0.717,92.23,4,indie
63J97fSuqUiTB7rm58OfxV,Fitz and The Tantrums,New Pop Classics,Sway,0,136940,False,0.705,0.927,1,-2.701,1,0.0776,0.0327,0.0,0.0705,0.945,159.978,4,indie
4iBIFGEGJ0I5ezZZ6VXYp7,Bayaan,Suno,Teri Tasveer,46,298905,False,0.549,0.432,1,-9.741,0,0.0295,0.655,0.227,0.0907,0.229,118.941,3,indie
6J5ymVSQlrmZ2Y48GYLaoK,Adarsh Rao,Kaari,Kaari,51,157777,False,0.725,0.462,3,-11.786,1,0.0413,0.231,0.019,0.0775,0.704,107.986,4,indie
7os4oiaoa9iyBrf9jZxmJ6,Sam Fender,Alternative Christmas 2022,The Dying Light - Winter Edit,0,215493,False,0.459,0.606,10,-5.694,1,0.038,0.296,8.37e-05,0.113,0.234,129.142,4,indie
6osLH2yLhpwuESclKx84sg,When Chai Met Toast,Joy of Little Things,Joy of Little Things,53,239666,False,0.509,0.611,9,-5.786,1,0.0334,0.185,0.0,0.116,0.208,100.155,4,indie
0UXswv8EK5264CWxS0tLNF,Anupam Roy,Chotushkone,Boba Tunnel,49,247510,False,0.598,0.537,9,-8.281,1,0.0326,0.285,0.0,0.13,0.397,131.955,4,indie
6pkR6jHUCqZY1rkjDiXLTR,Aditya A;Saiwariya,Chhodo Kalaiya,Chhodo Kalaiya,46,193263,False,0.639,0.459,4,-10.431,1,0.0298,0.86,0.002,0.0781,0.294,95.01,4,indie
7qMCYAkTTbFOw1hUXvAAje,Osho Jain;Sanchi,Saar,Humara Ho Gaya,52,157674,False,0.657,0.249,0,-12.8,1,0.0528,0.929,0.0,0.0965,0.226,148.027,4,indie
3gkwsu7aHT9WLFkl2Q0RPX,Stevie Wonder,Soul Christmas Greatest Hits,Someday At Christmas,0,170746,False,0.259,0.514,5,-6.726,1,0.0365,0.649,0.0,0.11,0.222,67.644,5,indie
1FWsomP9StpCcXNWmJk8Cl,Cigarettes After Sex,Cigarettes After Sex,K.,78,320030,False,0.454,0.4,3,-10.261,1,0.0265,0.139,0.846,0.137,0.327,93.719,4,indie
2fwC1bsAd5GrTwvGBRep0p,salem ilese,(MORE) Unsponsored Content,ExBox,54,129343,True,0.839,0.559,11,-8.485,0,0.0656,0.274,0.0,0.395,0.887,121.932,4,indie
51Grh1RyUDcMBbpuyUIUHI,Liana Flores,recently,rises the moon,81,161929,False,0.483,0.129,5,-20.149,0,0.0349,0.947,0.145,0.106,0.203,137.35,3,indie
1OIyNXo5f9lYHrJ6WchS3g,The Head And The Heart,Here to Forever - All New Indie,Virginia (Wind in the Night),0,205293,False,0.265,0.79,7,-3.702,1,0.0366,0.00699,0.0,0.0523,0.248,136.075,4,indie
59d6pKXq0vbneJNlfiX82Y,Chris Jedi;Anuel AA;Chencho Corleone;Ñengo Flow,Clásicos de ahora: Perreo,La Llevo Al Cielo,0,254920,True,0.795,0.845,9,-3.809,0,0.135,0.105,1.14e-05,0.172,0.769,170.023,4,latin
2P4yrq9QoKVT7nGlYchihs,Mariah Angeliq,Feliz Cumpleaños con Perreo,Perreito,0,123680,True,0.737,0.607,0,-3.599,1,0.0835,0.194,0.11,0.132,0.528,179.957,4,latin
5HpivGfblVhlWwNTvmyzHL,Mariah Angeliq,La navidad es todo aquello que nos hace recordar...,Last Christmas,0,217893,False,0.745,0.812,0,-5.77,1,0.0254,0.0954,0.0,0.0473,0.968,112.026,4,latin
1IzL5F7RfFpeqwKaWrB32I,Kevin Roldan,Reggaeton Mix Perreito,PPP,2,129332,False,0.798,0.625,4,-6.83,1,0.13,0.383,3.33e-05,0.125,0.774,92.994,4,latin
75G3D1ajCgumVJ7Kun9MbC,Brytiago;Darell,Halloween 2022 Perreo Vol. 3,Olvidando,1,229013,False,0.767,0.672,2,-4.455,0,0.182,0.12,6.18e-05,0.695,0.585,171.996,4,latin
5AwXAAPFy9Jxfx4ZwkPsJe,Kevin Roldan;Bryant Myers;Lyanno,Halloween 2022 Perreo Vol. 1,Hasta Abajo,0,229826,False,0.714,0.671,5,-5.119,1,0.362,0.292,0.0,0.325,0.641,169.727,4,latin
13SgfMDRRldjdxzd6eKpQm,Juan Magán;Mariah Angeliq;Yera,Hora del taco sin auto,Amigos,0,177333,False,0.74,0.63,11,-6.634,0,0.0832,0.0212,0.0,0.299,0.763,89.952,4,latin
70jNiolUHfAHm3wqJzmbPH,Lasso,Alternativo diferente latino,Algodón,0,172186,False,0.741,0.552,0,-6.193,0,0.0755,0.417,1.37e-06,0.117,0.444,94.987,4,latin
5br09BQU134gRX5M6HMnmr,Ozuna;TINI,OzuTochi,Un Reel,62,203840,False,0.715,0.744,9,-4.963,1,0.0487,0.233,0.000159,0.122,0.746,163.005,4,latin
1F4sE8N4KROqjI5GeBDiDQ,J Balvin,Perreo Tenebroso Vol. 4,Reggaeton,0,158800,False,0.747,0.74,4,-4.325,0,0.191,0.0165,9.94e-05,0.101,0.552,176.062,4,latin
4PlkeOWaeaS9e0R2DvZUgc,Ozuna;El Cherry Scom,OzuTochi,Perreo y Dembow,58,162026,False,0.913,0.722,7,-2.949,1,0.0576,0.0171,0.0978,0.139,0.545,110.015,4,latin
09ozFHrTL7cI5pYLJWuB2Y,Feid,Reggeaton Imperdible,Si Te La Encuentras Por Ahí,2,191506,False,0.736,0.569,8,-3.559,0,0.0779,0.144,5.27e-05,0.112,0.433,171.973,4,latin
02CXWW03gPcga4hBsuylGM,Selena;Barrio Boyzz,Halloween 2022 Pop Vol. 1,Donde Quiera Que Estés,0,270213,False,0.629,0.936,11,-5.14,0,0.0549,0.0827,4.67e-05,0.148,0.932,89.605,4,latin
0bWSUYv9RvJiMzPj1tc5QN,El Canto Del Loco,Éxitos del Pop en Español de los Años 2000,Besos,0,147466,False,0.588,0.876,10,-4.564,1,0.0516,0.00806,7.41e-06,0.129,0.519,105.013,4,latin
3Kk30svEH2XoNsEvM3jyOP,Los Prisioneros,Modo trabajación,Corazones Rojos,0,211626,False,0.775,0.507,2,-9.289,0,0.165,0.0015,3.34e-06,0.0677,0.752,92.229,4,latin
1Ix1m8dAJeXUFMCDGpP92R,Mijares,Halloween 2022 Pop Vol. 4,Para Amarnos Más,0,207800,False,0.516,0.655,3,-9.322,1,0.036,0.0783,0.0105,0.106,0.284,140.368,4,latin
1NzcfWIiD1SnRnqkzT2lfD,Jhayco,Perreo Tenebroso Vol. 1,Dime A Ve,0,213200,False,0.773,0.753,10,-4.173,1,0.06,0.122,4.8e-05,0.102,0.56,179.983,4,latin
0b6ESy6omvvTR8jza5esz7,Lalo Ebratt;Sebastian Yatra;Yera;Trapical Minds,Perreo Tenebroso Vol. 5,Déjate Querer,0,202823,False,0.755,0.792,6,-4.238,1,0.0483,0.028,0.0,0.0754,0.842,106.015,4,latin
5fmzL3Ogapgp9lP1SDzhTu,Alejo;Feid;ROBI,Perreo en Halloween,Pantysito,4,240413,True,0.83,0.739,7,-5.395,0,0.0627,0.136,2.11e-06,0.162,0.631,97.993,4,latin
0n5ZqJlvj8IzEh0v70tTKD,Don Omar,Halloween con perreito,Pobre Diabla,0,255680,False,0.741,0.787,5,-6.228,1,0.0525,0.217,0.0179,0.0835,0.771,91.993,4,latin
5j8hhWf7dxILKgMsRSScbM,Zoé,Alternativo diferente latino,Poli / Love - En Vivo,0,256359,False,0.553,0.722,7,-7.794,1,0.0327,0.101,2.83e-05,0.958,0.257,91.267,4,latin
583f0IBk80MRgaTAOZyGDw,Anuel AA;KAROL G,Feliz Cumpleaños con Perreo,Secreto,1,258799,False,0.807,0.803,11,-4.156,1,0.126,0.6,0.0085,0.136,0.706,91.982,4,latin
3lQ2YjLGrwN9QDrYy8nkZw,Lenny Tavárez;Randy;De La Ghetto;Brray;Justin Quiles,Tropical Vibes,La pared 720,1,276104,True,0.698,0.845,7,-4.705,1,0.12,0.176,0.0,0.239,0.749,171.938,4,latin
0GvNXbidC6YKMSOdIWYImL,Nelly Furtado,Halloween Scary Party,Maneater,0,265426,False,0.799,0.721,6,-5.222,1,0.0508,0.0214,0.000341,0.335,0.66,132.763,4,latin
3U3WDXdwPyih1ZHawJyUWK,Jhayco;Bad Bunny,Halloween con perreito,CÓMO SE SIENTE - Remix,0,227520,True,0.807,0.606,3,-8.871,0,0.0872,0.0946,0.0,0.119,0.304,92.988,4,latin
2RAEtFZQd4TZexKgblZNgA,Wisin & Yandel;Anthony Santos,Última Misión Reggaeton,Noche De Sexo,0,205773,True,0.721,0.714,11,-5.436,0,0.234,0.107,0.0,0.562,0.506,94.002,4,latin
2RUHnJNX92657k8DsVgoLd,J Balvin;Bad Bunny,Halloween con perreito,LA CANCIÓN,0,242573,False,0.756,0.646,7,-5.795,1,0.319,0.152,1.81e-05,0.108,0.429,176.088,4,latin
5vOVMNYDam6F6jtemqnNX2,Antônio Carlos Jobim;Frank Sinatra,christmas but not christmas songs,The Girl From Ipanema,0,200360,False,0.541,0.321,5,-14.418,1,0.0329,0.714,0.00345,0.101,0.549,133.537,4,latin
4wH4dJgrsxONID6KS2tDQM,Nelly Furtado,Loose,Maneater,80,258893,False,0.796,0.777,6,-4.81,1,0.0397,0.0261,0.000358,0.121,0.787,132.722,4,latin
6aUEWZkvcTFOpr8viqbRza,Los Prisioneros,Rock un sentimiento vol. I,Corazones Rojos,0,211626,False,0.775,0.507,2,-9.289,0,0.165,0.0015,3.34e-06,0.0677,0.752,92.229,4,latin
