<step title="Incoming Request" date="2025-11-28T07:39:05.143" instance="5c395b" url="/api/zipdeploy?isAsync=true" method="POST" type="request" pid="833,1,7" Accept="*/*" Host="codecapsule-api-server.scm.azurewebsites.net" User-Agent="AZURECLI/2.80.0 (MSI)" Accept-Encoding="gzip, deflate" Authorization="Bea..." Cache-Control="no-cache" Content-Type="application/octet-stream" Content-Length="46762" x-ms-client-request-id="3650edab-cc2d-11f0-ab58-04d4c416cb1f" x-ms-artifact-checksum="885f453fff1b691cf377fdfca1199f8454efb8a0cb1bc4d075616d8a671bb58d" X-ARR-LOG-ID="3650edab-cc2d-11f0-ab58-04d4c416cb1f" CLIENT-IP="49.37.146.129:64748" X-SITE-DEPLOYMENT-ID="codecapsule-api-server" WAS-DEFAULT-HOSTNAME="codecapsule-api-server.scm.azurewebsites.net" X-Forwarded-Proto="https" X-AppService-Proto="https" X-Forwarded-TlsVersion="1.3" X-WAWS-Unencoded-URL="/api/zipdeploy?isAsync=true" X-Client-IP="49.37.146.129" X-Client-Port="64748" >
  <step title="ZipPushDeploy" date="2025-11-28T07:39:06.017" >
    <step title="ZipDeploy. Extract zip." date="2025-11-28T07:39:06.043" /><!-- duration: 11ms -->
    <step title="None repository commit" date="2025-11-28T07:39:06.066" >
      <step title="Commit id: 2685250d-d5cb-4f28-bfac-1101ad986288" date="2025-11-28T07:39:06.077" Message="N/A" AuthorName="N/A" AuthorEmail="N/A" /><!-- duration: 6ms -->
    </step><!-- duration: 31ms -->
    <step title="Starting PushDeployAsync" date="2025-11-28T07:39:06.115" /><!-- duration: 7ms -->
    <step title="Writing artifact to /tmp/zipdeploy/4ade1cf7-7ea6-4de7-8cf1-e694070f1e9b.zip" date="2025-11-28T07:39:06.147" >
      <step title="Writing multipart request body to /tmp/zipdeploy/4ade1cf7-7ea6-4de7-8cf1-e694070f1e9b.zip" date="2025-11-28T07:39:06.155" /><!-- duration: 6ms -->
    </step><!-- duration: 214ms -->
    <step title="Start deployment in the background" date="2025-11-28T07:39:06.556" >
      <step title="Acquiring Deployment Lock" date="2025-11-28T07:39:06.683" /><!-- duration: 19ms -->
      <step title="Acquired Deployment Lock" date="2025-11-28T07:39:07.052" /><!-- duration: 76ms -->
    </step><!-- duration: 740ms -->
  </step><!-- duration: 1299ms -->
  <step title="Outgoing response" date="2025-11-28T07:39:07.348" type="response" statusCode="202" statusText="Accepted" /><!-- duration: 13ms -->
</step><!-- duration: 2224ms -->
