<step title="Incoming Request" date="2025-11-28T08:01:39.343" instance="5c395b" url="/api/zipdeploy?isAsync=true" method="POST" type="request" pid="830,1,16" Accept="*/*" Host="codecapsule-api-server.scm.azurewebsites.net" User-Agent="AZURECLI/2.80.0 (MSI)" Accept-Encoding="gzip, deflate" Authorization="Bea..." Cache-Control="no-cache" Content-Type="application/octet-stream" Content-Length="1348" x-ms-client-request-id="71946568-cc30-11f0-a166-04d4c416cb1f" x-ms-artifact-checksum="daec6c35e29b5d35fd1a596a6fa6a27683d8e3a44c85aef77a1047ee132caf0e" X-ARR-LOG-ID="71946568-cc30-11f0-a166-04d4c416cb1f" CLIENT-IP="49.37.146.129:64062" X-SITE-DEPLOYMENT-ID="codecapsule-api-server" WAS-DEFAULT-HOSTNAME="codecapsule-api-server.scm.azurewebsites.net" X-Forwarded-Proto="https" X-AppService-Proto="https" X-Forwarded-TlsVersion="1.3" X-WAWS-Unencoded-URL="/api/zipdeploy?isAsync=true" X-Client-IP="49.37.146.129" X-Client-Port="64062" >
  <step title="Cleanup Xml Logs" date="2025-11-28T08:01:39.349" /><!-- duration: 12ms -->
  <step title="ZipPushDeploy" date="2025-11-28T08:01:39.417" >
    <step title="ZipDeploy. Extract zip." date="2025-11-28T08:01:39.432" /><!-- duration: 6ms -->
    <step title="Starting PushDeployAsync" date="2025-11-28T08:01:39.447" /><!-- duration: 6ms -->
    <step title="Writing artifact to /tmp/zipdeploy/60a23278-254c-40cb-8c7f-1624ff74d146.zip" date="2025-11-28T08:01:39.471" >
      <step title="Writing multipart request body to /tmp/zipdeploy/60a23278-254c-40cb-8c7f-1624ff74d146.zip" date="2025-11-28T08:01:39.479" /><!-- duration: 7ms -->
    </step><!-- duration: 50ms -->
    <step title="Start deployment in the background" date="2025-11-28T08:01:39.545" >
      <step title="Acquiring Deployment Lock" date="2025-11-28T08:01:39.561" /><!-- duration: 7ms -->
      <step title="Acquired Deployment Lock" date="2025-11-28T08:01:39.631" /><!-- duration: 6ms -->
    </step><!-- duration: 219ms -->
  </step><!-- duration: 359ms -->
  <step title="Outgoing response" date="2025-11-28T08:01:39.783" type="response" statusCode="202" statusText="Accepted" /><!-- duration: 6ms -->
</step><!-- duration: 451ms -->
