<step title="BackgroundTrace" date="2025-11-28T08:01:39.553" instance="5c395b" url="/api/zipdeploy" method="POST" >
  <step title="Creating temporary deployment - FetchDeploymentManager" date="2025-11-28T08:01:39.643" /><!-- duration: 6ms -->
  <step title="Creating temporary deployment" date="2025-11-28T08:01:39.658" /><!-- duration: 100ms -->
  <step title="Performing fetch based deployment" date="2025-11-28T08:01:39.813" >
    <step title="Cleaning up temp folders from previous zip deployments and extracting pushed zip file /tmp/zipdeploy/60a23278-254c-40cb-8c7f-1624ff74d146.zip (0.00 MB) to /tmp/zipdeploy/extracted" date="2025-11-28T08:01:41.032" >
      <step title="ChmodRecursive Process exited with total time taken in ms: 121" date="2025-11-28T08:01:41.567" /><!-- duration: 31ms -->
    </step><!-- duration: 574ms -->
    <step title="Deployment timer started" date="2025-11-28T08:01:43.627" >
      <step title="DeploymentManager.Deploy(id:efb69505-fe6c-456f-885a-df378e321038)" date="2025-11-28T08:01:43.667" >
        <step title="Collecting changeset information" date="2025-11-28T08:01:43.741" /><!-- duration: 139ms -->
        <step title="Updating submodules" date="2025-11-28T08:01:43.899" /><!-- duration: 1208ms -->
        <step title="Determining deployment builder" date="2025-11-28T08:01:45.416" >
          <step title="Builder is BasicBuilder" date="2025-11-28T08:01:45.446" /><!-- duration: 6ms -->
        </step><!-- duration: 44ms -->
        <step title="PreDeployment: context.CleanOutputPath False" date="2025-11-28T08:01:45.526" >
          <step title="PreDeployment: context.OutputPath /home/site/wwwroot" date="2025-11-28T08:01:45.706" >
            <step title="Building" date="2025-11-28T08:01:45.890" >
              <step title="Executing external process" date="2025-11-28T08:01:46.285" type="process" path="starter.sh" arguments="/opt/Kudu/Scripts/parallel_rsync.sh /tmp/zipdeploy/extracted /home/site/wwwroot 8 /tmp/ False True  " /><!-- duration: 1392ms -->
              <step title="Triggering recycle (preview mode disabled)." date="2025-11-28T08:01:48.025" /><!-- duration: 5ms -->
              <step title="Modified file to trigger a restart of the app container." date="2025-11-28T08:01:48.074" /><!-- duration: 6ms -->
              <step title="Skip function trigger and logicapp sync because function is not enabled." date="2025-11-28T08:01:48.108" /><!-- duration: 13ms -->
              <step title="Purge deployment items" date="2025-11-28T08:01:48.927" >
                <step title="Remove 25061dc4-, Failed, received at 11/28/2025 07:48:39" date="2025-11-28T08:01:49.027" /><!-- duration: 6ms -->
              </step><!-- duration: 130ms -->
            </step><!-- duration: 3273ms -->
          </step><!-- duration: 3464ms -->
          <step title="Cleaning up temp files" date="2025-11-28T08:01:49.178" /><!-- duration: 6ms -->
          <step title="Cleaning up temp files" date="2025-11-28T08:01:49.198" /><!-- duration: 515ms -->
          <step title="Reloading status file with latest updates" date="2025-11-28T08:01:49.783" >
            <step title="WebHooksManager.PublishEventAsync: PostDeployment" date="2025-11-28T08:01:49.790" /><!-- duration: 48ms -->
          </step><!-- duration: 61ms -->
          <step title="Cleaning up temporary deployment - fetch deployment was successful" date="2025-11-28T08:01:49.854" /><!-- duration: 6ms -->
        </step><!-- duration: 4449ms -->
      </step><!-- duration: 6368ms -->
