<step title="Incoming Request" date="2025-11-28T07:48:17.181" instance="5c395b" url="/api/zipdeploy?isAsync=true" method="POST" type="request" pid="830,1,16" Accept="*/*" Host="codecapsule-api-server.scm.azurewebsites.net" User-Agent="AZURECLI/2.80.0 (MSI)" Accept-Encoding="gzip, deflate" Authorization="Bea..." Cache-Control="no-cache" Content-Type="application/octet-stream" Content-Length="31480528" x-ms-client-request-id="9464828c-cc2e-11f0-bebd-04d4c416cb1f" x-ms-artifact-checksum="977b3031a089c24f08fad9d40913c8dfcc245ca049c8cba36a7104fa6ec0ab8f" X-ARR-LOG-ID="9464828c-cc2e-11f0-bebd-04d4c416cb1f" CLIENT-IP="49.37.146.129:61706" X-SITE-DEPLOYMENT-ID="codecapsule-api-server" WAS-DEFAULT-HOSTNAME="codecapsule-api-server.scm.azurewebsites.net" X-Forwarded-Proto="https" X-AppService-Proto="https" X-Forwarded-TlsVersion="1.3" X-WAWS-Unencoded-URL="/api/zipdeploy?isAsync=true" X-Client-IP="49.37.146.129" X-Client-Port="61706" >
  <step title="ZipPushDeploy" date="2025-11-28T07:48:17.945" >
    <step title="ZipDeploy. Extract zip." date="2025-11-28T07:48:17.963" /><!-- duration: 34ms -->
    <step title="None repository commit" date="2025-11-28T07:48:18.008" >
      <step title="Commit id: 25061dc4-23af-4383-a40e-296e4d89244a" date="2025-11-28T07:48:18.015" Message="N/A" AuthorName="N/A" AuthorEmail="N/A" /><!-- duration: 6ms -->
    </step><!-- duration: 18ms -->
    <step title="Starting PushDeployAsync" date="2025-11-28T07:48:18.033" /><!-- duration: 6ms -->
    <step title="Writing artifact to /tmp/zipdeploy/2863513a-43d5-4ac3-aa29-8ebe020e097e.zip" date="2025-11-28T07:48:18.098" >
      <step title="Writing multipart request body to /tmp/zipdeploy/2863513a-43d5-4ac3-aa29-8ebe020e097e.zip" date="2025-11-28T07:48:18.113" /><!-- duration: 13ms -->
    </step><!-- duration: 12803ms -->
    <step title="Start deployment in the background" date="2025-11-28T07:48:30.933" >
      <step title="Acquiring Deployment Lock" date="2025-11-28T07:48:30.975" /><!-- duration: 21ms -->
      <step title="Acquired Deployment Lock" date="2025-11-28T07:48:31.098" /><!-- duration: 9ms -->
    </step><!-- duration: 302ms -->
  </step><!-- duration: 13299ms -->
  <step title="Outgoing response" date="2025-11-28T07:48:31.266" type="response" statusCode="202" statusText="Accepted" /><!-- duration: 12ms -->
</step><!-- duration: 14101ms -->
