<step title="Incoming Request" date="2025-11-28T08:15:23.767" instance="5c395b" url="/api/zipdeploy?isAsync=true" method="POST" type="request" pid="830,1,27" Accept="*/*" Host="codecapsule-api-server.scm.azurewebsites.net" User-Agent="AZURECLI/2.80.0 (MSI)" Accept-Encoding="gzip, deflate" Authorization="Bea..." Cache-Control="no-cache" Content-Type="application/octet-stream" Content-Length="35047" x-ms-client-request-id="5d26a0ec-cc32-11f0-8fac-04d4c416cb1f" x-ms-artifact-checksum="2f14c4b4373053e5180a80e6caaffc11f68283ec6171b63767b8c5f717fc2931" X-ARR-LOG-ID="5d26a0ec-cc32-11f0-8fac-04d4c416cb1f" CLIENT-IP="49.37.146.129:60529" X-SITE-DEPLOYMENT-ID="codecapsule-api-server" WAS-DEFAULT-HOSTNAME="codecapsule-api-server.scm.azurewebsites.net" X-Forwarded-Proto="https" X-AppService-Proto="https" X-Forwarded-TlsVersion="1.3" X-WAWS-Unencoded-URL="/api/zipdeploy?isAsync=true" X-Client-IP="49.37.146.129" X-Client-Port="60529" >
  <step title="Cleanup Xml Logs" date="2025-11-28T08:15:23.771" /><!-- duration: 12ms -->
  <step title="ZipPushDeploy" date="2025-11-28T08:15:23.825" >
    <step title="ZipDeploy. Extract zip." date="2025-11-28T08:15:23.838" /><!-- duration: 7ms -->
    <step title="Starting PushDeployAsync" date="2025-11-28T08:15:23.855" /><!-- duration: 13ms -->
    <step title="Writing artifact to /tmp/zipdeploy/c1ecf70b-d81b-4d0e-8889-d67f9ac1e399.zip" date="2025-11-28T08:15:23.890" >
      <step title="Writing multipart request body to /tmp/zipdeploy/c1ecf70b-d81b-4d0e-8889-d67f9ac1e399.zip" date="2025-11-28T08:15:23.897" /><!-- duration: 9ms -->
    </step><!-- duration: 53ms -->
    <step title="Start deployment in the background" date="2025-11-28T08:15:23.959" >
      <step title="Acquiring Deployment Lock" date="2025-11-28T08:15:23.997" /><!-- duration: 7ms -->
      <step title="Acquired Deployment Lock" date="2025-11-28T08:15:24.054" /><!-- duration: 6ms -->
    </step><!-- duration: 234ms -->
  </step><!-- duration: 376ms -->
  <step title="Outgoing response" date="2025-11-28T08:15:24.208" type="response" statusCode="202" statusText="Accepted" /><!-- duration: 11ms -->
</step><!-- duration: 472ms -->
